name,title,company,domain
Sohyun Kim,Account Executive,Gravity Game Hub,gravitygamehub.com
Satrio Brahmantyo,Business Process Outsourcing,Gravity Game Hub,gravitygamehub.com
Chaewon Hwang,Product Specialist,Gravity Game Hub,gravitygamehub.com
Tubagus Angga,COO,Gravity Game Hub,gravitygamehub.com
Ramadhani Juhdansyah,Business Development Manager & Game Director,Gravity Game Hub,gravitygamehub.com
Brian Trihadrianto,General Manager,Gravity Game Hub,gravitygamehub.com
Jiren Yeo,Business Partnerships Manager,Gravity Game Hub,gravitygamehub.com
Yoshinori Kitamura,CEO,Gravity,gravitygamehub.com
Tan Changan,Senior Product Specialist,Gravity Game Hub,gravitygamehub.com
Gino Allarey,Product Specialist,Gravity Game Hub,gravitygamehub.com
