name,title,company,domain,email,email_valid,email_source,failure_reason
Sohyun Kim,Account Executive,Gravity Game Hub,gravity.co.kr,,no,,no_email_found
Satrio Brahmantyo,Business Process Outsourcing,Gravity Game Hub,gravity.co.kr,,no,,no_email_found
Chaewon Hwang,Product Specialist,Gravity Game Hub,gravity.co.kr,,no,,no_email_found
Tubagus Angga,COO,Gravity Game Hub,gravity.co.kr,,no,,no_email_found
Ramadhani Juhdansyah,Business Development Manager & Game Director,Gravity Game Hub,gravity.co.kr,,no,,no_email_found
Brian Trihadrianto,General Manager,Gravity Game Hub,gravity.co.kr,,no,,no_email_found
Jiren Yeo,Business Partnerships Manager,Gravity Game Hub,gravity.co.kr,,no,,no_email_found
Yoshinori Kitamura,CEO,Gravity,gravity.co.kr,,no,,no_email_found
An Seokmin,Finance Manager,Gravity Game Hub,gravity.co.kr,seokmin.an@gravity.co.kr,yes,leadmagic,
Tan Changan,Senior Product Specialist,Gravity Game Hub,gravity.co.kr,,no,,no_email_found
Gino Allarey,Product Specialist,Gravity Game Hub,gravity.co.kr,,no,,no_email_found
